effect_group,n,gate_on_count,gate_on_rate,mean_condition_score
helpful_over,38,38,1.0,0.015790796152463083
helpful_under,52,35,0.6730769230769231,-0.07644718849601653
harmful_over,8,7,0.875,-0.07086986536160111
harmful_under,22,22,1.0,0.007867891468446363
wrong_to_wrong,66,63,0.9545454545454546,0.022859130788481598
correct_to_correct,57,55,0.9649122807017544,0.07168555004816306
