target,positive_count,negative_count,roc_auc,pr_auc
true_A_or_B_vs_true_C,147,96,0.8199404761904763,0.8680803389731233
steering_helpful_vs_non_helpful,90,153,0.1822076978939724,0.23940385159417943
